{"train_loss": [1.6598942875862122, 1.5196995377540587, 1.4216311478614807, 1.4436810958385466, 1.5321093726158141, 1.4211043047904968, 1.3981143498420716, 1.4296680200099945, 1.3475379574298858, 1.4228116011619567, 1.3324930095672607, 1.3805322122573853, 1.3744923281669617, 1.3873563921451568, 1.3245526123046876, 1.427373583316803, 1.3258031988143921, 1.3230707621574402, 1.3217158246040344, 1.293497132062912, 1.3376656758785248, 1.2363553941249847, 1.30196431517601, 1.304079282283783, 1.2667780911922455], "train_acc": [0.2975, 0.3175, 0.36, 0.36, 0.3075, 0.3775, 0.4075, 0.3825, 0.4225, 0.375, 0.4275, 0.3975, 0.4225, 0.385, 0.4025, 0.375, 0.4575, 0.4475, 0.445, 0.4625, 0.4575, 0.4825, 0.455, 0.4675, 0.4825], "val_loss": [1.4972819709777831, 1.370628137588501, 1.7552513122558593, 1.4322873210906983, 2.81734384059906, 1.315475468635559, 1.480080895423889, 1.3900260877609254, 1.445640149116516, 1.432108907699585, 1.3405696392059325, 1.3130045318603516, 1.3011270809173583, 1.326872615814209, 1.5899864482879638, 1.341925687789917, 2.121771755218506, 1.247936429977417, 1.1843592834472656, 1.1256832790374756, 1.2578029489517213, 1.1252493953704834, 1.1371381902694702, 1.1030483150482178, 1.6445834827423096], "val_acc": [0.37, 0.37, 0.27, 0.33, 0.25, 0.45, 0.41, 0.36, 0.36, 0.41, 0.42, 0.45, 0.4, 0.4, 0.4, 0.39, 0.33, 0.46, 0.54, 0.57, 0.57, 0.56, 0.5, 0.6, 0.47]}