{"train_loss": [1.6208718490600587, 1.5109394454956055, 1.5045556426048279, 1.497472610473633, 1.5045532989501953, 1.5091638302803039, 1.484218738079071, 1.5006151223182678, 1.4586287093162538, 1.4729978132247925, 1.447510805130005, 1.4628515839576721, 1.4394452714920043, 1.4078061199188232, 1.4426093196868897, 1.3584136748313904, 1.4545869636535644, 1.3969858598709106, 1.4470641994476319, 1.4515460109710694, 1.4062880325317382, 1.4050587439537048, 1.4039322781562804, 1.3823316311836242, 1.3600651669502257], "train_acc": [0.255, 0.3325, 0.31, 0.325, 0.28, 0.3275, 0.3625, 0.305, 0.3375, 0.3175, 0.3675, 0.375, 0.3675, 0.3875, 0.3675, 0.39, 0.3575, 0.4125, 0.385, 0.335, 0.3625, 0.3825, 0.3725, 0.385, 0.4025], "val_loss": [1.6282539129257203, 1.6786655187606812, 1.5903359937667847, 1.6129396152496338, 1.4969706153869629, 1.6161703157424927, 1.4690315437316894, 1.4312644577026368, 1.4578560543060304, 1.4414329242706299, 1.2630339574813843, 1.4410196399688722, 1.3919926881790161, 1.6656402111053468, 1.3439823007583618, 1.4210186862945557, 1.3227800512313843, 1.3513013887405396, 1.4425779676437378, 1.259248685836792, 1.3142726707458496, 1.788201322555542, 1.5219022274017333, 1.3010949993133545, 1.3748094320297242], "val_acc": [0.31, 0.3, 0.27, 0.31, 0.3, 0.28, 0.36, 0.41, 0.31, 0.33, 0.44, 0.34, 0.39, 0.34, 0.39, 0.36, 0.43, 0.43, 0.4, 0.45, 0.4, 0.24, 0.34, 0.44, 0.41]}