{"train_loss": [1.7603937602043152, 1.535660116672516, 1.496052463054657, 1.4340412890911103, 1.4769494462013244, 1.4657122540473937, 1.4250765895843507, 1.4265566599369048, 1.3849833691120148, 1.44722447514534, 1.397101455926895, 1.3420513677597046, 1.4017048346996308, 1.3526303267478943, 1.3428267955780029, 1.3754457461833953, 1.3002457916736603, 1.380826450586319, 1.3088592278957367, 1.3525982570648194, 1.346620684862137, 1.3573763000965118, 1.3818720400333404, 1.283817752599716, 1.2698923599720002], "train_acc": [0.255, 0.34, 0.345, 0.395, 0.35, 0.3425, 0.37, 0.3725, 0.39, 0.3625, 0.4025, 0.41, 0.38, 0.38, 0.4, 0.41, 0.4225, 0.395, 0.4425, 0.415, 0.39, 0.41, 0.405, 0.42, 0.44], "val_loss": [9.028601226806641, 1.6906549072265624, 1.4957785177230836, 1.5778228664398193, 1.3425262594223022, 1.3479610109329223, 1.480174698829651, 1.33771671295166, 1.5329810523986815, 1.2801326084136964, 1.2591982507705688, 1.5773621225357055, 1.2798812627792358, 1.3774346780776978, 1.2733424425125122, 1.2668642234802245, 1.2590007638931275, 1.290385615825653, 1.7243821668624877, 1.3955167102813721, 1.182415225505829, 1.2487491703033446, 1.1789384841918946, 1.2890584135055543, 1.2239553356170654], "val_acc": [0.18, 0.26, 0.3, 0.44, 0.38, 0.46, 0.33, 0.33, 0.31, 0.47, 0.45, 0.35, 0.41, 0.4, 0.44, 0.51, 0.49, 0.39, 0.34, 0.4, 0.49, 0.53, 0.53, 0.45, 0.45]}